"Guid","AboutMe","Alias","City","CommunityNickname","CompanyName","Country","DefaultGroupNotificationFrequency","Department","DigestFrequency","Division","Email","EmailEncodingKey","EmailPreferencesAutoBcc","EmailPreferencesAutoBccStayInTouch","EmailPreferencesStayInTouchReminder","EmployeeNumber","Extension","Fax","FederationIdentifier","FirstName","ForecastEnabled","GeocodeAccuracy","IsActive","IsPortalEnabled","LanguageLocaleKey","LastName","Latitude","LocaleSidKey","Longitude","ManagerId","MobilePhone","Phone","PortalRole","PostalCode","ReceivesAdminInfoEmails","ReceivesInfoEmails","SBQQ__DefaultProductLookupTab__c","SBQQ__DiagnosticToolEnabled__c","SBQQ__OutputFormatChangeAllowed__c","SBQQ__ProductSortPreference__c","SBQQ__ResetProductLookup__c","SBQQ__Theme__c","SenderEmail","SenderName","Signature","State","StayInTouchNote","StayInTouchSignature","StayInTouchSubject","Street","TimeZoneSidKey","Title","UserPermissionsAvantgoUser","UserPermissionsCallCenterAutoLogin","UserPermissionsInteractionUser","UserPermissionsMarketingUser","UserPermissionsOfflineUser","UserPermissionsSFContentUser","UserPermissionsSupportUser","UserPreferencesActivityRemindersPopup","UserPreferencesApexPagesDeveloperMode","UserPreferencesCacheDiagnostics","UserPreferencesCreateLEXAppsWTShown","UserPreferencesDisCommentAfterLikeEmail","UserPreferencesDisMentionsCommentEmail","UserPreferencesDisProfPostCommentEmail","UserPreferencesDisableAllFeedsEmail","UserPreferencesDisableBookmarkEmail","UserPreferencesDisableChangeCommentEmail","UserPreferencesDisableEndorsementEmail","UserPreferencesDisableFileShareNotificationsForApi","UserPreferencesDisableFollowersEmail","UserPreferencesDisableLaterCommentEmail","UserPreferencesDisableLikeEmail","UserPreferencesDisableMentionsPostEmail","UserPreferencesDisableMessageEmail","UserPreferencesDisableProfilePostEmail","UserPreferencesDisableSharePostEmail","UserPreferencesEnableAutoSubForFeeds","UserPreferencesEventRemindersCheckboxDefault","UserPreferencesExcludeMailAppAttachments","UserPreferencesFavoritesShowTopFavorites","UserPreferencesFavoritesWTShown","UserPreferencesGlobalNavBarWTShown","UserPreferencesGlobalNavGridMenuWTShown","UserPreferencesHasCelebrationBadge","UserPreferencesHasSentWarningEmail","UserPreferencesHasSentWarningEmail238","UserPreferencesHasSentWarningEmail240","UserPreferencesHideBiggerPhotoCallout","UserPreferencesHideBrowseProductRedirectConfirmation","UserPreferencesHideCSNDesktopTask","UserPreferencesHideCSNGetChatterMobileTask","UserPreferencesHideChatterOnboardingSplash","UserPreferencesHideEndUserOnboardingAssistantModal","UserPreferencesHideLightningMigrationModal","UserPreferencesHideOnlineSalesAppWelcomeMat","UserPreferencesHideS1BrowserUI","UserPreferencesHideSecondChatterOnboardingSplash","UserPreferencesHideSfxWelcomeMat","UserPreferencesLightningExperiencePreferred","UserPreferencesNativeEmailClient","UserPreferencesNewLightningReportRunPageEnabled","UserPreferencesPathAssistantCollapsed","UserPreferencesPreviewCustomTheme","UserPreferencesPreviewLightning","UserPreferencesReceiveNoNotificationsAsApprover","UserPreferencesReceiveNotificationsAsDelegatedApprover","UserPreferencesRecordHomeReservedWTShown","UserPreferencesRecordHomeSectionCollapseWTShown","UserPreferencesReminderSoundOff","UserPreferencesReverseOpenActivitiesView","UserPreferencesSRHOverrideActivities","UserPreferencesShowCityToExternalUsers","UserPreferencesShowCityToGuestUsers","UserPreferencesShowCountryToExternalUsers","UserPreferencesShowCountryToGuestUsers","UserPreferencesShowEmailToExternalUsers","UserPreferencesShowEmailToGuestUsers","UserPreferencesShowFaxToExternalUsers","UserPreferencesShowFaxToGuestUsers","UserPreferencesShowForecastingChangeSignals","UserPreferencesShowManagerToExternalUsers","UserPreferencesShowManagerToGuestUsers","UserPreferencesShowMobilePhoneToExternalUsers","UserPreferencesShowMobilePhoneToGuestUsers","UserPreferencesShowPostalCodeToExternalUsers","UserPreferencesShowPostalCodeToGuestUsers","UserPreferencesShowProfilePicToGuestUsers","UserPreferencesShowStateToExternalUsers","UserPreferencesShowStateToGuestUsers","UserPreferencesShowStreetAddressToExternalUsers","UserPreferencesShowStreetAddressToGuestUsers","UserPreferencesShowTerritoryTimeZoneShifts","UserPreferencesShowTitleToExternalUsers","UserPreferencesShowTitleToGuestUsers","UserPreferencesShowWorkPhoneToExternalUsers","UserPreferencesShowWorkPhoneToGuestUsers","UserPreferencesSortFeedByComment","UserPreferencesSuppressEventSFXReminders","UserPreferencesSuppressTaskSFXReminders","UserPreferencesTaskRemindersCheckboxDefault","UserPreferencesUserDebugModePref","Username","agf__Certified_Product_Owner__c","agf__Certified_Scrum_Master__c","agf__External_ID__c","agf__GUS_User_Type__c","agf__Notification_Level__c","agf__Product_Owner_Certified_Date__c","agf__Scrum_Master_Certified_Date__c","agf__Show_All_Work_Comments__c","agf__Summary__c","agf__User_Preference__c","agf__Wall_Preference__c","agf__Work_User_Interface__c","ccrz__CC_CurrencyCode__c","ccrz__CompanyType__c","ccrz__ContactTypeRole__c","ccrz__DataId__c","ccrz__Tax_Exempt__c","ccrz__User_Industry__c","ccrz__User_Salutation__c"
1e2975dd-f43f-4cfd-96cf-a7393e2a3db2,"#N/A",alaza,"#N/A",alaza,Prodly,US,N,"#N/A",D,"#N/A",alazar@example.com,UTF-8,true,false,true,"#N/A","#N/A","#N/A","#N/A",Andreea,false,"#N/A",true,false,en_US,Lazer,"#N/A",en_US,"#N/A","#N/A","#N/A","#N/A","#N/A","#N/A",true,true,Guided Selling,false,false,"#N/A",false,"#N/A","#N/A","#N/A","#N/A","#N/A","#N/A","#N/A","#N/A","#N/A",America/Los_Angeles,"#N/A",false,false,false,false,false,false,false,true,false,false,false,false,false,false,false,false,false,false,false,false,false,false,false,false,false,false,false,true,false,false,false,false,false,false,false,false,false,false,false,false,false,false,false,false,false,false,false,false,true,false,false,false,false,false,false,false,false,false,false,false,false,false,false,false,false,false,false,false,false,false,false,false,false,false,false,false,false,false,false,false,false,false,false,false,false,false,false,false,false,true,false,alazar.sucfazhs9rog@prodly.co.cr-00001319,false,false,"#N/A","#N/A","#N/A","#N/A","#N/A",false,"#N/A","#N/A","#N/A","#N/A","#N/A","#N/A",Researcher/Post Doc,"#N/A",false,Academic research,Mr
1fc03a29-f6cb-402d-9c3d-c5d7195334ad,"#N/A",mmala,"#N/A",User16212775614594472544,Prodly,US,N,"#N/A",D,"#N/A",mmalanowski@example.com,UTF-8,true,false,true,"#N/A","#N/A","#N/A","#N/A",Mark,false,"#N/A",true,false,en_US,Malanowski,"#N/A",en_US,"#N/A","#N/A","#N/A","#N/A","#N/A","#N/A",true,true,Guided Selling,false,false,"#N/A",false,"#N/A","#N/A","#N/A","#N/A","#N/A","#N/A","#N/A","#N/A","#N/A",America/Los_Angeles,"#N/A",false,false,false,false,false,false,false,true,false,false,false,false,false,false,false,false,false,false,false,false,false,false,false,false,false,false,false,true,false,false,false,false,false,false,false,false,false,false,false,false,false,false,false,false,false,false,false,false,true,false,false,false,false,false,false,false,false,false,false,false,false,false,false,false,false,false,false,false,false,false,false,false,false,false,false,false,false,false,false,false,false,false,false,false,false,false,false,false,false,true,false,mmalanowski.maodnshqstjd@prodly.co.cr-00001319,false,false,"#N/A","#N/A","#N/A","#N/A","#N/A",false,"#N/A","#N/A","#N/A","#N/A","#N/A","#N/A",Researcher/Post Doc,"#N/A",false,Academic research,Mr
2c277070-d508-4d77-822d-435792fcd2ac,"#N/A",autocln,"#N/A",User16109949650578912115,Prodly,US,N,"#N/A",N,"#N/A",automatedclean@00d8w000004mpqruao,UTF-8,true,false,true,"#N/A","#N/A","#N/A","#N/A","#N/A",false,"#N/A",true,false,en_US,Data.com Clean,"#N/A",en_US,"#N/A","#N/A","#N/A","#N/A","#N/A","#N/A",false,true,Guided Selling,false,false,"#N/A",false,"#N/A","#N/A","#N/A","#N/A","#N/A","#N/A","#N/A","#N/A","#N/A",America/Los_Angeles,"#N/A",false,false,false,false,false,false,false,true,false,false,false,false,false,false,false,false,false,false,false,false,false,false,false,false,false,false,false,true,false,false,false,false,false,false,false,false,false,false,false,false,false,false,false,false,false,false,false,false,true,false,false,false,false,false,false,false,false,false,false,false,false,false,false,false,false,false,false,false,false,false,false,false,false,false,false,false,false,false,false,false,false,false,false,false,false,false,false,false,false,true,false,automatedclean@00d8w000004mpqruao,false,false,"#N/A","#N/A","#N/A","#N/A","#N/A",false,"#N/A","#N/A","#N/A","#N/A","#N/A","#N/A",Researcher/Post Doc,"#N/A",false,Academic research,Mr
2dbd9a4a-2456-4393-903e-71df298930d4,"#N/A",mrudm,"#N/A",User16109904705267490616,Prodly,US,N,"#N/A",D,"#N/A",mrudman@example.com,UTF-8,true,false,true,"#N/A","#N/A","#N/A","#N/A",Max,false,"#N/A",false,false,en_US,Rudman,"#N/A",en_US,"#N/A","#N/A",+1 4159992817,"#N/A","#N/A","#N/A",true,true,Guided Selling,false,false,"#N/A",false,"#N/A","#N/A","#N/A","#N/A","#N/A","#N/A","#N/A","#N/A","#N/A",America/Los_Angeles,"#N/A",false,false,false,false,false,false,false,true,false,false,false,false,false,false,false,false,false,false,false,false,false,false,false,false,false,false,false,true,false,false,false,false,false,false,false,false,false,false,false,false,false,false,false,false,false,false,false,false,true,false,false,false,false,false,false,false,false,false,false,false,false,false,false,false,false,false,false,false,false,false,false,false,false,false,false,false,false,false,false,false,false,false,false,false,false,false,false,false,false,true,false,mrudman.whgrpkrcf4to@prodly.co.cr-00001319,false,false,"#N/A","#N/A","#N/A","#N/A","#N/A",false,"#N/A","#N/A","#N/A","#N/A","#N/A","#N/A",Researcher/Post Doc,"#N/A",false,Academic research,Mr
32e98806-ac66-4a31-af7a-066c4b5ace80,"#N/A",blewi,"#N/A",User16135968902505591930,Prodly,US,N,"#N/A",D,"#N/A",blewis@example.com,UTF-8,true,false,true,"#N/A","#N/A","#N/A","#N/A",Bethany,false,"#N/A",false,false,en_US,Lewis,"#N/A",en_US,"#N/A","#N/A",+1 7738370284,"#N/A","#N/A","#N/A",true,true,Guided Selling,false,false,"#N/A",false,"#N/A","#N/A","#N/A","#N/A","#N/A","#N/A","#N/A","#N/A","#N/A",America/Los_Angeles,"#N/A",false,false,false,false,false,false,false,true,false,false,false,false,false,false,false,false,false,false,false,false,false,false,false,false,false,false,false,true,false,false,false,false,false,false,false,false,false,false,false,false,false,false,false,false,false,false,false,false,true,false,false,false,false,false,false,false,false,false,false,false,false,false,false,false,false,false,false,false,false,false,false,false,false,false,false,false,false,false,false,false,false,false,false,false,false,false,false,false,false,true,false,blewis.acq88y6bm3sy@prodly.co.cr-00001319,false,false,"#N/A","#N/A","#N/A","#N/A","#N/A",false,"#N/A","#N/A","#N/A","#N/A","#N/A","#N/A",Researcher/Post Doc,"#N/A",false,Academic research,Mr
3db39c24-0aca-4bed-9718-c34986bf5db2,"#N/A",platint,"#N/A",cloud1.5599740138347444E12,Prodly,US,N,"#N/A",N,"#N/A",noreply@00d8w000004mpqruao,UTF-8,true,false,true,"#N/A","#N/A","#N/A","#N/A","#N/A",false,"#N/A",true,false,en_US,Platform Integration User,"#N/A",en_US,"#N/A","#N/A","#N/A","#N/A","#N/A","#N/A",false,true,"#N/A",false,false,"#N/A",false,"#N/A","#N/A","#N/A","#N/A","#N/A","#N/A","#N/A","#N/A","#N/A",America/Los_Angeles,"#N/A",false,false,false,false,false,false,false,true,false,false,false,false,false,false,false,false,false,false,false,false,false,false,false,false,false,false,false,true,false,false,false,false,false,false,false,false,false,false,false,false,false,false,false,false,false,false,false,false,true,false,false,false,false,false,false,false,false,false,false,false,false,false,false,false,false,false,false,false,false,false,false,false,false,false,false,false,false,false,false,false,false,false,false,false,false,false,false,false,false,true,false,cloud@00d8w000004mpqruao,false,false,"#N/A","#N/A","#N/A","#N/A","#N/A",false,"#N/A","#N/A","#N/A","#N/A","#N/A","#N/A","#N/A","#N/A",false,"#N/A","#N/A"
4108ef1e-1ed4-4b80-bb06-8cd528483e93,"#N/A",guest,"#N/A",test,"#N/A","#N/A",N,"#N/A",N,"#N/A",test@00d8w000004mpqruao.org.force.com,UTF-8,true,false,true,"#N/A","#N/A","#N/A","#N/A",test,false,"#N/A",true,false,en_US,Site Guest User,"#N/A",en_US,"#N/A","#N/A","#N/A","#N/A","#N/A","#N/A",false,true,Guided Selling,false,false,"#N/A",false,"#N/A","#N/A","#N/A","#N/A","#N/A","#N/A","#N/A","#N/A","#N/A",GMT,"#N/A",false,false,false,false,false,false,false,true,false,false,false,false,false,false,false,false,false,false,false,false,false,true,false,false,false,false,false,true,false,false,false,false,false,false,false,false,false,false,false,false,false,false,false,false,false,true,false,true,true,false,false,false,false,false,false,false,false,false,false,false,false,false,false,false,false,false,false,false,false,false,false,false,false,false,false,false,false,false,false,false,false,false,true,false,false,false,true,false,false,true,false,test@00d8w000004mpqruao.org.force.com,false,false,"#N/A","#N/A",Meat & Potatoes,"#N/A","#N/A",true,"#N/A","#N/A","#N/A",Custom Lightning,"#N/A","#N/A",Researcher/Post Doc,"#N/A",false,Academic research,Mr
566ab3eb-36df-4166-bef4-d37e7f5fa63d,"#N/A",iuser,"#N/A",User16166014161464086999,Prodly,US,N,"#N/A",D,"#N/A",hcoxon@example.com,UTF-8,true,false,true,"#N/A","#N/A","#N/A","#N/A",Integration,false,"#N/A",false,false,en_US,User,"#N/A",en_US,"#N/A","#N/A","#N/A","#N/A","#N/A","#N/A",true,true,Guided Selling,false,false,"#N/A",false,"#N/A","#N/A","#N/A","#N/A","#N/A","#N/A","#N/A","#N/A","#N/A",America/Los_Angeles,"#N/A",false,false,false,false,false,false,false,true,false,false,false,false,false,false,false,false,false,false,false,false,false,false,false,false,false,false,false,true,false,false,false,false,false,false,false,false,false,false,false,false,false,false,false,false,false,false,false,false,true,false,false,false,false,false,false,false,false,false,false,false,false,false,false,false,false,false,false,false,false,false,false,false,false,false,false,false,false,false,false,false,false,false,false,false,false,false,false,false,false,true,false,chatty.00d8w000004mpqruao.5vifcpq3p3aa@chatter.salesforce.com,false,false,"#N/A","#N/A","#N/A","#N/A","#N/A",false,"#N/A","#N/A","#N/A","#N/A","#N/A","#N/A",Researcher/Post Doc,"#N/A",false,Academic research,Mr
a4c12f85-9390-4661-b2db-0bd04e1913b9,"#N/A",HCoxo,"#N/A",User160798333118479531,Prodly,US,N,"#N/A",D,"#N/A",hcoxon@example.com,UTF-8,true,false,true,"#N/A","#N/A","#N/A","#N/A",Hayley,true,"#N/A",true,false,en_US,Coxon,"#N/A",en_US,"#N/A","#N/A","#N/A","#N/A","#N/A","#N/A",true,true,"#N/A",false,false,"#N/A",false,"#N/A","#N/A","#N/A","#N/A","#N/A","#N/A","#N/A","#N/A","#N/A",America/Los_Angeles,"#N/A",false,false,false,true,false,false,false,true,false,false,false,false,false,false,false,false,false,false,false,false,false,false,false,false,false,false,false,true,false,false,false,false,false,false,false,false,false,false,false,false,false,false,false,false,false,false,false,false,true,false,false,false,false,false,false,false,false,false,false,false,false,false,false,false,false,false,false,false,false,false,false,false,false,false,false,false,false,false,false,false,false,false,false,false,false,false,false,false,false,true,false,hcoxon.7wbnzawnfr1i@prodly.co.cr-00001319,false,false,"#N/A","#N/A","#N/A","#N/A","#N/A",false,"#N/A","#N/A","#N/A","#N/A","#N/A","#N/A","#N/A","#N/A",false,"#N/A","#N/A"
b5a6853c-519e-459f-9bba-dd7ad01d9562,"#N/A",autoproc,"#N/A",automatedprocess,Prodly,US,N,"#N/A",D,"#N/A",autoproc@00d8w000004mpqruao,UTF-8,true,false,true,"#N/A","#N/A","#N/A","#N/A",Automated,false,"#N/A",true,false,en_US,Process,"#N/A",en_US,"#N/A","#N/A","#N/A","#N/A","#N/A","#N/A",false,true,"#N/A",false,false,"#N/A",false,"#N/A","#N/A","#N/A","#N/A","#N/A","#N/A","#N/A","#N/A","#N/A",America/Los_Angeles,"#N/A",false,false,false,false,false,false,false,true,false,false,false,false,false,false,false,false,false,false,false,false,false,false,false,false,false,false,false,true,false,false,false,false,false,false,false,false,false,false,false,false,false,false,false,false,false,false,false,false,true,false,false,false,false,false,false,false,false,false,false,false,false,false,false,false,false,false,false,false,false,false,false,false,false,false,false,false,false,false,false,false,false,false,false,false,false,false,false,false,false,true,false,autoproc@00d8w000004mpqruao,false,false,"#N/A","#N/A","#N/A","#N/A","#N/A",false,"#N/A","#N/A","#N/A","#N/A","#N/A","#N/A","#N/A","#N/A",false,"#N/A","#N/A"
bd0a522c-3223-4bc6-bfbf-23d25a36d1fd,"#N/A",JJoan,"#N/A",User16690460686647824370,Prodly,US,N,"#N/A",D,"#N/A",jjoannow@prodly.co,UTF-8,true,false,true,"#N/A","#N/A","#N/A","#N/A",Jennifer,false,"#N/A",true,false,en_US,Joannow,"#N/A",en_US,"#N/A","#N/A","#N/A","#N/A","#N/A","#N/A",true,true,Guided Selling,false,false,"#N/A",false,"#N/A","#N/A","#N/A","#N/A","#N/A","#N/A","#N/A","#N/A","#N/A",America/Los_Angeles,"#N/A",false,false,false,true,false,false,false,true,false,false,false,false,false,false,false,false,false,false,false,false,false,false,false,false,false,false,false,true,false,false,false,false,false,false,false,false,false,false,false,false,false,false,false,false,false,false,false,false,true,false,false,false,false,false,false,false,false,false,false,false,false,false,false,false,false,false,false,false,false,false,false,false,false,false,false,false,false,false,false,false,false,false,true,false,false,false,false,false,false,true,false,jjoannow@prodly.co.cr-00001319,false,false,"#N/A","#N/A","#N/A","#N/A","#N/A",false,"#N/A","#N/A","#N/A","#N/A","#N/A","#N/A",Researcher/Post Doc,"#N/A",false,Academic research,Mr
bf5028f2-2209-4e37-8e37-d0f5eabbbf91,"#N/A",aslan,"#N/A",User16142654148988894856,Prodly,US,N,"#N/A",D,"#N/A",aslania@example.com,UTF-8,true,false,true,"#N/A","#N/A","#N/A","#N/A",Andy,false,"#N/A",false,false,en_US,Slania,"#N/A",en_US,"#N/A","#N/A","#N/A","#N/A","#N/A","#N/A",true,true,Guided Selling,false,false,"#N/A",false,"#N/A","#N/A","#N/A","#N/A","#N/A","#N/A","#N/A","#N/A","#N/A",America/Los_Angeles,"#N/A",false,false,false,false,false,false,false,true,false,false,false,false,false,false,false,false,false,false,false,false,false,false,false,false,false,false,false,true,false,false,false,false,false,false,false,false,false,false,false,false,false,false,false,false,false,false,false,false,true,false,false,false,false,false,false,false,false,false,false,false,false,false,false,false,false,false,false,false,false,false,false,false,false,false,false,false,false,false,false,false,false,false,false,false,false,false,false,false,false,true,false,aslania.93jhzmtzroy6@prodly.co.cr-00001319,false,false,"#N/A","#N/A","#N/A","#N/A","#N/A",false,"#N/A","#N/A","#N/A","#N/A","#N/A","#N/A",Researcher/Post Doc,"#N/A",false,Academic research,Mr
c353215a-871f-4668-941a-d4410c72292f,"#N/A",amalv,"#N/A",User16135968281404918057,Prodly,US,N,"#N/A",D,"#N/A",amalvestuto@example.com,UTF-8,true,false,true,"#N/A","#N/A","#N/A","#N/A",Abby,false,"#N/A",true,false,en_US,Malvestuto,"#N/A",en_US,"#N/A","#N/A","#N/A","#N/A","#N/A","#N/A",true,true,Guided Selling,false,false,"#N/A",false,"#N/A","#N/A","#N/A","#N/A","#N/A","#N/A","#N/A","#N/A","#N/A",America/Los_Angeles,"#N/A",false,false,false,false,false,false,false,true,false,false,false,false,false,false,false,false,false,false,false,false,false,false,false,false,false,false,false,true,false,false,false,false,false,false,false,false,false,false,false,false,false,false,false,false,false,false,false,false,true,false,false,false,false,false,false,false,false,false,false,false,false,false,false,false,false,false,false,false,false,false,false,false,false,false,false,false,false,false,false,false,false,false,false,false,false,false,false,false,false,true,false,amalvestuto.04wgutemm1s5@prodly.co.cr-00001319,false,false,"#N/A","#N/A","#N/A","#N/A","#N/A",false,"#N/A","#N/A","#N/A","#N/A","#N/A","#N/A",Researcher/Post Doc,"#N/A",false,Academic research,Mr
cc188427-a819-4b99-bda5-1f5956125a85,"#N/A",drudm,"#N/A",User16160336396891239951,Prodly,US,N,"#N/A",D,"#N/A",drudman@example.com,UTF-8,true,false,true,"#N/A","#N/A","#N/A","#N/A",Daniel,false,"#N/A",true,false,en_US,Rudman,"#N/A",en_US,"#N/A","#N/A",+1 6505046112,"#N/A","#N/A","#N/A",true,true,Guided Selling,false,false,"#N/A",false,"#N/A","#N/A","#N/A","#N/A","#N/A","#N/A","#N/A","#N/A","#N/A",America/Los_Angeles,"#N/A",false,false,false,false,false,false,false,true,false,false,false,false,false,false,false,false,false,false,false,false,false,false,false,false,false,false,false,true,false,false,false,false,false,false,false,false,false,false,false,false,false,false,false,false,false,false,false,false,true,false,false,false,false,false,false,false,false,false,false,false,false,false,false,false,false,false,false,false,false,false,false,false,false,false,false,false,false,false,false,false,false,false,false,false,false,false,false,false,false,true,false,drudman.chzirb22jyx5@prodly.co.cr-00001319,false,false,"#N/A","#N/A","#N/A","#N/A","#N/A",false,"#N/A","#N/A","#N/A","#N/A","#N/A","#N/A",Researcher/Post Doc,"#N/A",false,Academic research,Mr
e7f339e7-9d38-4eb1-839c-ef89a9ade3be,"I’m here to help you get started with Chatter. I’ll introduce you to features, create sample posts, and suggest tips and best practices.

I'm an automated user so you don't need to worry about privacy! I can't see any of your posts or files.

If I'm too noisy, have your admin or moderator deactivate me and I'll stop posting.",Chatter,"#N/A",Chatter Expert,Prodly,US,N,"#N/A",D,"#N/A",noreply@chatter.salesforce.com,UTF-8,true,false,true,"#N/A","#N/A","#N/A","#N/A","#N/A",false,"#N/A",false,false,en_US,Chatter Expert,"#N/A",en_US,"#N/A","#N/A","#N/A","#N/A","#N/A","#N/A",false,true,"#N/A",false,false,"#N/A",false,"#N/A","#N/A","#N/A","#N/A","#N/A","#N/A","#N/A","#N/A","#N/A",America/Los_Angeles,"#N/A",false,false,false,false,false,false,false,true,false,false,false,false,false,false,false,false,false,false,false,false,false,false,false,false,false,false,false,true,false,false,false,false,false,false,false,false,false,false,false,false,false,false,false,false,false,false,false,false,true,false,false,false,false,false,false,false,false,false,false,false,false,false,false,false,false,false,false,false,false,false,false,false,false,false,false,false,false,false,false,false,false,false,false,false,false,false,false,false,false,true,false,chatty.00d8w000004mpqruao.5dhzvci1szpf@chatter.salesforce.com,false,false,"#N/A","#N/A","#N/A","#N/A","#N/A",false,"#N/A","#N/A","#N/A","#N/A","#N/A","#N/A","#N/A","#N/A",false,"#N/A","#N/A"
ef63458c-e450-4b2c-bb34-247070b710a8,"#N/A",muser,"#N/A",User16760515479616314602,"#N/A","#N/A",N,"#N/A",D,"#N/A",jjoannow@prodly.co,UTF-8,true,false,true,"#N/A","#N/A","#N/A","#N/A",MyTest,false,"#N/A",true,false,en_US,User,"#N/A",en_US,"#N/A","#N/A","#N/A","#N/A","#N/A","#N/A",true,true,Guided Selling,false,false,"#N/A",false,"#N/A","#N/A","#N/A","#N/A","#N/A","#N/A","#N/A","#N/A","#N/A",America/Los_Angeles,"#N/A",false,false,false,false,false,false,false,true,false,false,false,false,false,false,false,false,false,false,false,false,false,true,false,false,false,false,false,true,false,false,false,false,false,false,false,false,false,false,false,false,false,false,false,false,false,true,false,true,true,false,false,false,false,false,false,false,false,false,false,false,false,false,false,false,false,false,false,false,false,false,false,false,false,false,false,false,false,false,false,false,false,false,true,false,false,false,true,false,false,true,false,jjoannow@prodly.co.my.test.user,false,false,"#N/A","#N/A",Meat & Potatoes,"#N/A","#N/A",true,"#N/A","#N/A","#N/A",Custom Lightning,"#N/A","#N/A",Researcher/Post Doc,"#N/A",false,Academic research,Mr
f447ee44-ff73-4ca6-bcfe-b21f24ee2d6d,"#N/A",swall,"#N/A",swall,Prodly,US,N,"#N/A",D,"#N/A",swallingford@example.com,UTF-8,true,false,true,"#N/A","#N/A","#N/A","#N/A",Susie,false,"#N/A",false,false,en_US,Wallingford,"#N/A",en_US,"#N/A","#N/A","#N/A","#N/A","#N/A","#N/A",true,true,"#N/A",false,false,"#N/A",false,"#N/A","#N/A","#N/A","#N/A","#N/A","#N/A","#N/A","#N/A","#N/A",America/Los_Angeles,"#N/A",false,false,false,false,false,false,false,true,false,false,false,false,false,false,false,false,false,false,false,false,false,false,false,false,false,false,false,true,false,false,false,false,false,false,false,false,false,false,false,false,false,false,false,false,false,false,false,false,true,false,false,false,false,false,false,false,false,false,false,false,false,false,false,false,false,false,false,false,false,false,false,false,false,false,false,false,false,false,false,false,false,false,false,false,false,false,false,false,false,true,false,swallingford.sud4pzvvbiog@prodly.co.cr-00001319,false,false,"#N/A","#N/A","#N/A","#N/A","#N/A",false,"#N/A","#N/A","#N/A","#N/A","#N/A","#N/A","#N/A","#N/A",false,"#N/A","#N/A"
f625b16d-cd55-4288-a1f5-05f7543519ad,"#N/A",scran,"#N/A",User16109905171788035136,Prodly,US,N,"#N/A",D,"#N/A",scrane@example.com,UTF-8,true,false,true,"#N/A","#N/A","#N/A","#N/A",Stephen,false,"#N/A",false,false,en_US,Crane,"#N/A",en_US,"#N/A","#N/A",+1 8054415739,"#N/A","#N/A","#N/A",true,true,Guided Selling,false,false,"#N/A",false,"#N/A","#N/A","#N/A","#N/A","#N/A","#N/A","#N/A","#N/A","#N/A",America/Los_Angeles,"#N/A",false,false,false,false,false,false,false,true,false,false,false,false,false,false,false,false,false,false,false,false,false,false,false,false,false,false,false,true,false,false,false,false,false,false,false,false,false,false,false,false,false,false,false,false,false,false,false,false,true,false,false,false,false,false,false,false,false,false,false,false,false,false,false,false,false,false,false,false,false,false,false,false,false,false,false,false,false,false,false,false,false,false,false,false,false,false,false,false,false,true,false,scrane.nsfzkqr1u170@prodly.co.cr-00001319,false,false,"#N/A","#N/A","#N/A","#N/A","#N/A",false,"#N/A","#N/A","#N/A","#N/A","#N/A","#N/A",Researcher/Post Doc,"#N/A",false,Academic research,Mr
